question_key,title,outcome,difficulty,marks,mathematics_decision,editorial_decision,reviewer_notes
n2-l1-001,Water compared with concentrate,2.1,1,1,,,
n2-l1-002,Comparing fractional ribbon lengths,2.1,1,1,,,
n2-l2-001,Completing an equivalent decimal ratio,2.1,2,2,,,
n2-l2-002,Scaling a paint ratio,2.1,2,2,,,
n2-l2-003,Scaling a ratio of fractions,2.1,2,3,,,
n2-l3-001,Linking two rational ratios,2.1,3,3,,,
n2-l3-002,Finding a quantity from a rational ratio and total,2.1,3,3,,,
n2-l4-001,Recovering an original quantity after a ratio change,2.1,4,4,,,
n2-l4-002,Combining fractional and decimal ratios,2.1,4,4,,,
n2-l1-003,Simplifying an integer ratio,2.2,1,1,,,
n2-l1-004,Simplifying a decimal ratio,2.2,1,1,,,
n2-l2-004,Simplifying a ratio of fractions,2.2,2,2,,,
n2-l2-005,Simplifying a three-term decimal ratio,2.2,2,2,,,
n2-l3-003,Simplifying a ratio after unit conversion,2.2,3,3,,,
n2-l3-004,Simplifying a ratio of mixed numbers,2.2,3,3,,,
n2-l3-005,Simplifying a percentage and decimal ratio,2.2,3,3,,,
n2-l4-003,Forming a three-term ratio from overlapping ratios,2.2,4,4,,,
n2-l5-001,Deducing a hidden term in a three-part ratio,2.2,5,5,,,
n2-l1-005,Dividing a quantity in a simple ratio,2.3,1,1,,,
n2-l1-006,Finding the larger share,2.3,1,1,,,
n2-l2-006,Sharing prize money,2.3,2,2,,,
n2-l2-007,Scaling a drink recipe,2.3,2,2,,,
n2-l3-006,Club membership after students leave,2.3,3,3,,,
n2-l3-007,Three-way sharing from linked ratios,2.3,3,3,,,
n2-l3-008,Changing a bead ratio,2.3,3,3,,,
n2-l4-004,Recovering an original total from a changed ratio,2.3,4,4,,,
